不太热七球·,死都太便宜了啊草<span class="url-icon"><img alt=[吐] src="https://h5.sinaimg.cn/m/emoticon/icon/default/d_tu-cfbe704573.png" style="width:1em; height:1em;" /></span><span class="url-icon"><img alt=[吐] src="https://h5.sinaimg.cn/m/emoticon/icon/default/d_tu-cfbe704573.png" style="width:1em; height:1em;" /></span><span class="url-icon"><img alt=[吐] src="https://h5.sinaimg.cn/m/emoticon/icon/default/d_tu-cfbe704573.png" style="width:1em; height:1em;" /></span>,57646
啊嘞一条鱼,死刑，很棒,20503
加特林诺夫斯基,赶紧死 求求了<span class="url-icon"><img alt=[吐] src="https://h5.sinaimg.cn/m/emoticon/icon/default/d_tu-cfbe704573.png" style="width:1em; height:1em;" /></span>,18126
取名困难户取不出名字,看简单的文字描述都快气死了，死刑判的好，赶紧让他死,13922
村上芝士,天呐？？？？这种人真的不配为人！！！,7055
笋人布里吉,协助的也抓起来,6046
树猫19,强奸一个就该死刑！！！,5536
行星琑,建议他死15次！💣💣💣💣💣💣💣💣💣💣💣💣💣💣💣,2693
文涛学长,建议阉割后枪决,2336
多次拒绝余庆伟丨,震惊我全家！死刑也太便宜他了吧！,1799
唉要不还是回家种地吧,不是，他为什么会有机会强奸后面14个？？？？强奸第一个之后没有任何处罚吗？？？,1468
Aya_ay0,教唆多名未成年人予以协助？？共犯同罪处理谢谢🙏🏻,800
木林与子,死刑都是便宜他了,338
ICEGuy9,我天这种人赶紧死好吗,326
面壁君,建议活剐了他,207
栀骨辞止,我靠？？？🤮 🤮🤮🤮🤮🤮🤮🤮🤮🤮🤮🤮🤮🤮🤮🤮🤮🤮🤮🤮🤮🤮🤮🤮🤮🤮🤮🤮🤮🤮🤮🤮🤮🤮🤮🤮🤮🤮🤮🤮🤮🤮🤮🤮🤮🤮🤮🤮🤮🤮🤮🤮🤮🤮🤮🤮,202
男德,为什么男性就喜欢强奸别人，连动物都不放过,167
在路上的小太阳,死刑都便宜他了！,157
今日甜分,十五个？二个就可以枪毙了！,134
RAYLAM-,阉割再硫酸再死,102
不太热七球·,死都太便宜了啊草<span class="url-icon"><img alt=[吐] src="https://h5.sinaimg.cn/m/emoticon/icon/default/d_tu-cfbe704573.png" style="width:1em; height:1em;" /></span><span class="url-icon"><img alt=[吐] src="https://h5.sinaimg.cn/m/emoticon/icon/default/d_tu-cfbe704573.png" style="width:1em; height:1em;" /></span><span class="url-icon"><img alt=[吐] src="https://h5.sinaimg.cn/m/emoticon/icon/default/d_tu-cfbe704573.png" style="width:1em; height:1em;" /></span>,57646
啊嘞一条鱼,死刑，很棒,20503
加特林诺夫斯基,赶紧死 求求了<span class="url-icon"><img alt=[吐] src="https://h5.sinaimg.cn/m/emoticon/icon/default/d_tu-cfbe704573.png" style="width:1em; height:1em;" /></span>,18126
取名困难户取不出名字,看简单的文字描述都快气死了，死刑判的好，赶紧让他死,13922
村上芝士,天呐？？？？这种人真的不配为人！！！,7055
笋人布里吉,协助的也抓起来,6046
树猫19,强奸一个就该死刑！！！,5536
行星琑,建议他死15次！💣💣💣💣💣💣💣💣💣💣💣💣💣💣💣,2693
文涛学长,建议阉割后枪决,2336
多次拒绝余庆伟丨,震惊我全家！死刑也太便宜他了吧！,1799
唉要不还是回家种地吧,不是，他为什么会有机会强奸后面14个？？？？强奸第一个之后没有任何处罚吗？？？,1468
Aya_ay0,教唆多名未成年人予以协助？？共犯同罪处理谢谢🙏🏻,800
木林与子,死刑都是便宜他了,338
ICEGuy9,我天这种人赶紧死好吗,326
面壁君,建议活剐了他,207
栀骨辞止,我靠？？？🤮 🤮🤮🤮🤮🤮🤮🤮🤮🤮🤮🤮🤮🤮🤮🤮🤮🤮🤮🤮🤮🤮🤮🤮🤮🤮🤮🤮🤮🤮🤮🤮🤮🤮🤮🤮🤮🤮🤮🤮🤮🤮🤮🤮🤮🤮🤮🤮🤮🤮🤮🤮🤮🤮🤮🤮,202
男德,为什么男性就喜欢强奸别人，连动物都不放过,167
在路上的小太阳,死刑都便宜他了！,157
今日甜分,十五个？二个就可以枪毙了！,134
RAYLAM-,阉割再硫酸再死,102
不太热七球·,死都太便宜了啊草<span class="url-icon"><img alt=[吐] src="https://h5.sinaimg.cn/m/emoticon/icon/default/d_tu-cfbe704573.png" style="width:1em; height:1em;" /></span><span class="url-icon"><img alt=[吐] src="https://h5.sinaimg.cn/m/emoticon/icon/default/d_tu-cfbe704573.png" style="width:1em; height:1em;" /></span><span class="url-icon"><img alt=[吐] src="https://h5.sinaimg.cn/m/emoticon/icon/default/d_tu-cfbe704573.png" style="width:1em; height:1em;" /></span>,57646
啊嘞一条鱼,死刑，很棒,20503
加特林诺夫斯基,赶紧死 求求了<span class="url-icon"><img alt=[吐] src="https://h5.sinaimg.cn/m/emoticon/icon/default/d_tu-cfbe704573.png" style="width:1em; height:1em;" /></span>,18126
取名困难户取不出名字,看简单的文字描述都快气死了，死刑判的好，赶紧让他死,13922
村上芝士,天呐？？？？这种人真的不配为人！！！,7055
笋人布里吉,协助的也抓起来,6046
树猫19,强奸一个就该死刑！！！,5536
行星琑,建议他死15次！💣💣💣💣💣💣💣💣💣💣💣💣💣💣💣,2693
文涛学长,建议阉割后枪决,2336
多次拒绝余庆伟丨,震惊我全家！死刑也太便宜他了吧！,1799
唉要不还是回家种地吧,不是，他为什么会有机会强奸后面14个？？？？强奸第一个之后没有任何处罚吗？？？,1468
Aya_ay0,教唆多名未成年人予以协助？？共犯同罪处理谢谢🙏🏻,800
木林与子,死刑都是便宜他了,338
ICEGuy9,我天这种人赶紧死好吗,326
面壁君,建议活剐了他,207
栀骨辞止,我靠？？？🤮 🤮🤮🤮🤮🤮🤮🤮🤮🤮🤮🤮🤮🤮🤮🤮🤮🤮🤮🤮🤮🤮🤮🤮🤮🤮🤮🤮🤮🤮🤮🤮🤮🤮🤮🤮🤮🤮🤮🤮🤮🤮🤮🤮🤮🤮🤮🤮🤮🤮🤮🤮🤮🤮🤮🤮,202
男德,为什么男性就喜欢强奸别人，连动物都不放过,167
在路上的小太阳,死刑都便宜他了！,157
今日甜分,十五个？二个就可以枪毙了！,134
RAYLAM-,阉割再硫酸再死,102
不太热七球·,死都太便宜了啊草<span class="url-icon"><img alt=[吐] src="https://h5.sinaimg.cn/m/emoticon/icon/default/d_tu-cfbe704573.png" style="width:1em; height:1em;" /></span><span class="url-icon"><img alt=[吐] src="https://h5.sinaimg.cn/m/emoticon/icon/default/d_tu-cfbe704573.png" style="width:1em; height:1em;" /></span><span class="url-icon"><img alt=[吐] src="https://h5.sinaimg.cn/m/emoticon/icon/default/d_tu-cfbe704573.png" style="width:1em; height:1em;" /></span>,57646
啊嘞一条鱼,死刑，很棒,20503
加特林诺夫斯基,赶紧死 求求了<span class="url-icon"><img alt=[吐] src="https://h5.sinaimg.cn/m/emoticon/icon/default/d_tu-cfbe704573.png" style="width:1em; height:1em;" /></span>,18126
取名困难户取不出名字,看简单的文字描述都快气死了，死刑判的好，赶紧让他死,13922
村上芝士,天呐？？？？这种人真的不配为人！！！,7055
笋人布里吉,协助的也抓起来,6046
树猫19,强奸一个就该死刑！！！,5536
行星琑,建议他死15次！💣💣💣💣💣💣💣💣💣💣💣💣💣💣💣,2693
文涛学长,建议阉割后枪决,2336
多次拒绝余庆伟丨,震惊我全家！死刑也太便宜他了吧！,1799
唉要不还是回家种地吧,不是，他为什么会有机会强奸后面14个？？？？强奸第一个之后没有任何处罚吗？？？,1468
Aya_ay0,教唆多名未成年人予以协助？？共犯同罪处理谢谢🙏🏻,800
木林与子,死刑都是便宜他了,338
ICEGuy9,我天这种人赶紧死好吗,326
面壁君,建议活剐了他,207
栀骨辞止,我靠？？？🤮 🤮🤮🤮🤮🤮🤮🤮🤮🤮🤮🤮🤮🤮🤮🤮🤮🤮🤮🤮🤮🤮🤮🤮🤮🤮🤮🤮🤮🤮🤮🤮🤮🤮🤮🤮🤮🤮🤮🤮🤮🤮🤮🤮🤮🤮🤮🤮🤮🤮🤮🤮🤮🤮🤮🤮,202
男德,为什么男性就喜欢强奸别人，连动物都不放过,167
在路上的小太阳,死刑都便宜他了！,157
今日甜分,十五个？二个就可以枪毙了！,134
RAYLAM-,阉割再硫酸再死,102
不太热七球·,死都太便宜了啊草<span class="url-icon"><img alt=[吐] src="https://h5.sinaimg.cn/m/emoticon/icon/default/d_tu-cfbe704573.png" style="width:1em; height:1em;" /></span><span class="url-icon"><img alt=[吐] src="https://h5.sinaimg.cn/m/emoticon/icon/default/d_tu-cfbe704573.png" style="width:1em; height:1em;" /></span><span class="url-icon"><img alt=[吐] src="https://h5.sinaimg.cn/m/emoticon/icon/default/d_tu-cfbe704573.png" style="width:1em; height:1em;" /></span>,57646
啊嘞一条鱼,死刑，很棒,20503
加特林诺夫斯基,赶紧死 求求了<span class="url-icon"><img alt=[吐] src="https://h5.sinaimg.cn/m/emoticon/icon/default/d_tu-cfbe704573.png" style="width:1em; height:1em;" /></span>,18126
取名困难户取不出名字,看简单的文字描述都快气死了，死刑判的好，赶紧让他死,13922
村上芝士,天呐？？？？这种人真的不配为人！！！,7055
笋人布里吉,协助的也抓起来,6046
树猫19,强奸一个就该死刑！！！,5536
行星琑,建议他死15次！💣💣💣💣💣💣💣💣💣💣💣💣💣💣💣,2693
文涛学长,建议阉割后枪决,2336
多次拒绝余庆伟丨,震惊我全家！死刑也太便宜他了吧！,1799
唉要不还是回家种地吧,不是，他为什么会有机会强奸后面14个？？？？强奸第一个之后没有任何处罚吗？？？,1468
Aya_ay0,教唆多名未成年人予以协助？？共犯同罪处理谢谢🙏🏻,800
木林与子,死刑都是便宜他了,338
ICEGuy9,我天这种人赶紧死好吗,326
面壁君,建议活剐了他,207
栀骨辞止,我靠？？？🤮 🤮🤮🤮🤮🤮🤮🤮🤮🤮🤮🤮🤮🤮🤮🤮🤮🤮🤮🤮🤮🤮🤮🤮🤮🤮🤮🤮🤮🤮🤮🤮🤮🤮🤮🤮🤮🤮🤮🤮🤮🤮🤮🤮🤮🤮🤮🤮🤮🤮🤮🤮🤮🤮🤮🤮,202
男德,为什么男性就喜欢强奸别人，连动物都不放过,167
在路上的小太阳,死刑都便宜他了！,157
今日甜分,十五个？二个就可以枪毙了！,134
RAYLAM-,阉割再硫酸再死,102
不太热七球·,死都太便宜了啊草<span class="url-icon"><img alt=[吐] src="https://h5.sinaimg.cn/m/emoticon/icon/default/d_tu-cfbe704573.png" style="width:1em; height:1em;" /></span><span class="url-icon"><img alt=[吐] src="https://h5.sinaimg.cn/m/emoticon/icon/default/d_tu-cfbe704573.png" style="width:1em; height:1em;" /></span><span class="url-icon"><img alt=[吐] src="https://h5.sinaimg.cn/m/emoticon/icon/default/d_tu-cfbe704573.png" style="width:1em; height:1em;" /></span>,57646
啊嘞一条鱼,死刑，很棒,20503
加特林诺夫斯基,赶紧死 求求了<span class="url-icon"><img alt=[吐] src="https://h5.sinaimg.cn/m/emoticon/icon/default/d_tu-cfbe704573.png" style="width:1em; height:1em;" /></span>,18126
取名困难户取不出名字,看简单的文字描述都快气死了，死刑判的好，赶紧让他死,13922
村上芝士,天呐？？？？这种人真的不配为人！！！,7055
笋人布里吉,协助的也抓起来,6046
树猫19,强奸一个就该死刑！！！,5536
行星琑,建议他死15次！💣💣💣💣💣💣💣💣💣💣💣💣💣💣💣,2693
文涛学长,建议阉割后枪决,2336
多次拒绝余庆伟丨,震惊我全家！死刑也太便宜他了吧！,1799
唉要不还是回家种地吧,不是，他为什么会有机会强奸后面14个？？？？强奸第一个之后没有任何处罚吗？？？,1468
Aya_ay0,教唆多名未成年人予以协助？？共犯同罪处理谢谢🙏🏻,800
木林与子,死刑都是便宜他了,338
ICEGuy9,我天这种人赶紧死好吗,326
面壁君,建议活剐了他,207
栀骨辞止,我靠？？？🤮 🤮🤮🤮🤮🤮🤮🤮🤮🤮🤮🤮🤮🤮🤮🤮🤮🤮🤮🤮🤮🤮🤮🤮🤮🤮🤮🤮🤮🤮🤮🤮🤮🤮🤮🤮🤮🤮🤮🤮🤮🤮🤮🤮🤮🤮🤮🤮🤮🤮🤮🤮🤮🤮🤮🤮,202
男德,为什么男性就喜欢强奸别人，连动物都不放过,167
在路上的小太阳,死刑都便宜他了！,157
今日甜分,十五个？二个就可以枪毙了！,134
RAYLAM-,阉割再硫酸再死,102
不太热七球·,死都太便宜了啊草<span class="url-icon"><img alt=[吐] src="https://h5.sinaimg.cn/m/emoticon/icon/default/d_tu-cfbe704573.png" style="width:1em; height:1em;" /></span><span class="url-icon"><img alt=[吐] src="https://h5.sinaimg.cn/m/emoticon/icon/default/d_tu-cfbe704573.png" style="width:1em; height:1em;" /></span><span class="url-icon"><img alt=[吐] src="https://h5.sinaimg.cn/m/emoticon/icon/default/d_tu-cfbe704573.png" style="width:1em; height:1em;" /></span>,57646
啊嘞一条鱼,死刑，很棒,20503
加特林诺夫斯基,赶紧死 求求了<span class="url-icon"><img alt=[吐] src="https://h5.sinaimg.cn/m/emoticon/icon/default/d_tu-cfbe704573.png" style="width:1em; height:1em;" /></span>,18126
取名困难户取不出名字,看简单的文字描述都快气死了，死刑判的好，赶紧让他死,13922
村上芝士,天呐？？？？这种人真的不配为人！！！,7055
笋人布里吉,协助的也抓起来,6046
树猫19,强奸一个就该死刑！！！,5536
行星琑,建议他死15次！💣💣💣💣💣💣💣💣💣💣💣💣💣💣💣,2693
文涛学长,建议阉割后枪决,2336
多次拒绝余庆伟丨,震惊我全家！死刑也太便宜他了吧！,1799
唉要不还是回家种地吧,不是，他为什么会有机会强奸后面14个？？？？强奸第一个之后没有任何处罚吗？？？,1468
Aya_ay0,教唆多名未成年人予以协助？？共犯同罪处理谢谢🙏🏻,800
木林与子,死刑都是便宜他了,338
ICEGuy9,我天这种人赶紧死好吗,326
面壁君,建议活剐了他,207
栀骨辞止,我靠？？？🤮 🤮🤮🤮🤮🤮🤮🤮🤮🤮🤮🤮🤮🤮🤮🤮🤮🤮🤮🤮🤮🤮🤮🤮🤮🤮🤮🤮🤮🤮🤮🤮🤮🤮🤮🤮🤮🤮🤮🤮🤮🤮🤮🤮🤮🤮🤮🤮🤮🤮🤮🤮🤮🤮🤮🤮,202
男德,为什么男性就喜欢强奸别人，连动物都不放过,167
在路上的小太阳,死刑都便宜他了！,157
今日甜分,十五个？二个就可以枪毙了！,134
RAYLAM-,阉割再硫酸再死,102
不太热七球·,死都太便宜了啊草<span class="url-icon"><img alt=[吐] src="https://h5.sinaimg.cn/m/emoticon/icon/default/d_tu-cfbe704573.png" style="width:1em; height:1em;" /></span><span class="url-icon"><img alt=[吐] src="https://h5.sinaimg.cn/m/emoticon/icon/default/d_tu-cfbe704573.png" style="width:1em; height:1em;" /></span><span class="url-icon"><img alt=[吐] src="https://h5.sinaimg.cn/m/emoticon/icon/default/d_tu-cfbe704573.png" style="width:1em; height:1em;" /></span>,57646
啊嘞一条鱼,死刑，很棒,20503
加特林诺夫斯基,赶紧死 求求了<span class="url-icon"><img alt=[吐] src="https://h5.sinaimg.cn/m/emoticon/icon/default/d_tu-cfbe704573.png" style="width:1em; height:1em;" /></span>,18126
取名困难户取不出名字,看简单的文字描述都快气死了，死刑判的好，赶紧让他死,13922
村上芝士,天呐？？？？这种人真的不配为人！！！,7055
笋人布里吉,协助的也抓起来,6046
树猫19,强奸一个就该死刑！！！,5536
行星琑,建议他死15次！💣💣💣💣💣💣💣💣💣💣💣💣💣💣💣,2693
文涛学长,建议阉割后枪决,2336
多次拒绝余庆伟丨,震惊我全家！死刑也太便宜他了吧！,1799
唉要不还是回家种地吧,不是，他为什么会有机会强奸后面14个？？？？强奸第一个之后没有任何处罚吗？？？,1468
Aya_ay0,教唆多名未成年人予以协助？？共犯同罪处理谢谢🙏🏻,800
木林与子,死刑都是便宜他了,338
ICEGuy9,我天这种人赶紧死好吗,326
面壁君,建议活剐了他,207
栀骨辞止,我靠？？？🤮 🤮🤮🤮🤮🤮🤮🤮🤮🤮🤮🤮🤮🤮🤮🤮🤮🤮🤮🤮🤮🤮🤮🤮🤮🤮🤮🤮🤮🤮🤮🤮🤮🤮🤮🤮🤮🤮🤮🤮🤮🤮🤮🤮🤮🤮🤮🤮🤮🤮🤮🤮🤮🤮🤮🤮,202
男德,为什么男性就喜欢强奸别人，连动物都不放过,167
在路上的小太阳,死刑都便宜他了！,157
今日甜分,十五个？二个就可以枪毙了！,134
RAYLAM-,阉割再硫酸再死,102
不太热七球·,死都太便宜了啊草<span class="url-icon"><img alt=[吐] src="https://h5.sinaimg.cn/m/emoticon/icon/default/d_tu-cfbe704573.png" style="width:1em; height:1em;" /></span><span class="url-icon"><img alt=[吐] src="https://h5.sinaimg.cn/m/emoticon/icon/default/d_tu-cfbe704573.png" style="width:1em; height:1em;" /></span><span class="url-icon"><img alt=[吐] src="https://h5.sinaimg.cn/m/emoticon/icon/default/d_tu-cfbe704573.png" style="width:1em; height:1em;" /></span>,57646
