沽梦遇蝶,退圈从zheng。。。好厉害,1877
芒果彩色糖,从政还不一定吧，但结婚这个是官宣了。,917
芊芊浅潜不思迁,p2更震惊一点,744
快快乐乐冲浪高高兴兴做人,这个世界太疯狂 ,443
尴尬到改名,我能记住的日本名字差不多5个，这两位算两个 ,444
化身超人的小松鼠,我现在心情有点复杂🚬 🚬 🚬,109
放你走吧这次,从政这个很奇怪吧,43
陈昊然,新垣结衣：我对帅哥可没兴趣 ,15
甜食拌面,但十元行程不是都排到两年后了,38
与荼荼,啊！？,18
窑孒,十元从zheng那个是假的，已经辟谣了（让我上去！,7
明月照千帆,都不认识但是我的朋友圈已经地震了 ,14
肉夹馍大中华总经销,马上抱紧我的栀子花老婆！,14
一棵腐透了的杉树,美女们过的高兴就好,5
金的是爱情小保安,？？,2
aa-cutie,后者应该是假的,4
Dbrsyzinn,  从？.？.、？,0
深海鱼子酱酱酱酱酱酱酱,还好还好，我老婆还在 ,2
胶原蛋白老杨,吓死我了 不太了解日本明星还以为她俩结婚了 ,2
圆又圆的pabo,在线找新老婆 打击太大了达咩达咩,1
八倍镜tracer,十块钱?,1
沓獭真的不想挞了, ,1
k_sonal,只要我叉出去够快，我就不会悲伤。祝福新人.,1
我在那朵云下等你, ,0
Mitchellmika,😲,0
Mo酱的大脚丫,日本女人为什么不独立起来？ ,0
一生菌Issei,真的 震惊,0
请叫我LeeMark,哈哈哈哈哈这个,0
芝麻芝麻要开门,幸好我的老婆是冰冰,0
四字十八画,p2阿这....大受震撼,0
lealygdragon, ,0
今天要吃小猫咪, ,0
imblueberry_,卧槽,0
废楠不废, ,0
敬亭绿雪1202,🚬,0
目光涌来之日,老婆给你删了,0
江玥茵-游走于世间的J栗子,？？？？,0
赤道频道,震惊 2021真有趣,0
小小马过河_,我支持老婆从政 哈哈,0
-旺仔仔仔分你一半,复杂又震惊 我人麻了,0
要一起玩游戏吗,老婆酱们，你们怎么了！,0
Lolintana,石原里美我哭了 ,0
阿赫玛托瓜,  我们兄弟同时离老婆更远一点,0
·桃气凉米糍, ,0
白羊女孩不会做菜,都震惊！！我直接瑞思拜，我退网十分钟吃个饭先,0
周泠晰,从政比较震撼啊,2
新航道新时代妖娆花,爷青结,0
一枝梨意甜,…………………,0
MonamiLover,点根烟了🚬,0
我不想搞啦,？？？,0
凑数的Wyatt,me2,0
芝士少女BaRa,跟从政比起来 结婚都显得并不是那么让人震惊了……,1
-肥葩葩,？？？？？？我将用一生来治愈这一分钟,1
七七-LU,我的天  退圈从政…… ,0
周真行阿,可不可以只是演戏  ,1
我好想吃饭o_,P2更………,1
渡鸦233333,从政了就不是老婆了，是敌人,0
旅情之心,吹什么牛呢？石原里美你们早就失去了,0
qyzh_zz,woc跑完800痛失两个老婆,0
船长和乔妹有孩子了,三个谢谢,0
零碎岛屿会遇见那片海,  打咩,0
伟大的胃大,还是等十元官方说明吧，消息来源不靠谱！！！,0
香米饭饭, ,0
好像是蛋黄酱鸭,救命,0
看不惯我发言请滑走,日本公务员不用考啊？,0
温言软语_yan,常年不看热搜人士刚刚突然点开吓得从床上跳起来……魔幻日娱…… ,0
绯胤吖owo,好厉害,0
绯胤吖owo,我靠！从政？！,0
陈大瘫,  痛哭,0
南风知夏意K,震惊了 ,0
看不见的夏天,什么？什么？退圈从政？？我还等着非自然死亡2呢 ,0
韩亚楠-Yilia, ,0
包文军,我媳妇要当官了？,0
devenirmeilleur, ,0
一秒变seven88,  牛批,0
单纯只是运气好,  震撼我30年🙉🙉🙉🙉🙉🙉,0
可以叫我一声川渝成宝拉吗,我非常复杂🆘// : 我现在心情有点复杂🚬 🚬 🚬,0
SUNSULDAM, ,0
嘟嘟的那些健康证明,十元从政的话中国粉丝会有点为难吧 ,0
yuanki的什么呐,失去老婆－1 从政我真的没可能爱了感觉 ,0
杜王町小面包,我擦 我老婆直接从政了…. ,0
美少女壮士断腕,痛失两老婆 ,0
流浪的小笨猫,是因为我最近只关注国内的老婆所以惩罚我吗 ,0
快乐咸鱼小陈, ,0
BLUE_L,我没有老婆了 ,0
Akirara_, ,0
SPY_Bss唐翊棉,  ？？？？魔幻,0
带着我的小恐龙潇潇洒洒闯天下, ,0
小猪包宋人头,  …………,0
小易yi呐,🚬,0
LuckiNine_9,  ？,0
大坝今天怎么样,从政牛啊,0
年度最佳乐观奖, ,0
hahshakl_, ,0
宣子千合代, ,0
Pheebs_Fu,还有个老婆是栀子花吗？？？,0
南風有億,从zheng？,0
山柰SNI, ,0
不是在墙上就是在爬墙,又一个老婆没了？,0
怪物老七,咦～！！！,0
花泽星希,哇塞！！！！！,0
昭暮尽飞雪,一时间不知道是哪个更让我震惊。。。,0
今天想欧气满满,？？？？？？？,0
爆浆芝士奶盖优-,！惊！,0
嘟嘟哒滴啦,昨天还在跟室友说逃避可耻的男主比女主矮了半个头，今天就结婚了 ,0
Caroline要暴富,我好开心！！！我的cp结婚了！！！,0
千亿星辰万亿光芒,??????2分钟之内我要被震惊2次！！,0
無比滴無比滴,？,0
不要再谈年纪了,啊？（再次发出啊的声音？）,0
阿华甜分甜, ,0
ZingUpOu, 我的两个老婆,0
丰哥的小娇妻,  啊这,0
kisssaybye, ,0
吃好多饭也能瘦, ,0
准时不早退的毛酱, ,0
Sananoka,  ？？？！,0
沃斯泥椰耶,  我翘,0
Nafyra,  从政？？？？？,0
西红柿死了, ,0
荔枝安-, ,0
Koara_says_Kuma,石原类美从政是假新闻，这家日媒相当于yxh，yogeyxh搬运另一个营销号罢了。望周知别听风就是雨，石原类美本人从未表示过从政想法，她只是个热爱演戏的事业b，别最后石原里美没从政各位yxh硬生生打脸，还得给她投票参选 ,2
鹿凉, ,0
不打辅助,  从Z也太强了吧,0
猫宁的野望, ,0
瓜与豆,  笑死,0
_飛航模式,  女明星从政,0
池鱼渊,  嚯,0
清脆软糖,  …………………,0
huryrxutxutxyfx,我… ,0
学业追星使我头秃,  ？,0
ShmilyMyCrush,  更惊了,0
kiri正在戒熬夜, ,0
吃很多还是好饿,  ？？？？,0
RAexXxX, ,0
拜b八倍镜and谁抢l我d雪公主, ,0
活了一百万次的猫猫喵, ,0
1_Morii, ,0
奔跑的长颈鹿鹿兔, ,0
